ID,主体,助成金名,締切,上限,ステータス,必要書類リンク,ドラフトリンク,担当者
019,E,JST GteX 革新的GX技術創出（推定例年5-7月）,2026-05〜07頃,蓄電池8億〜23億等,ドラフト作成済,_チェックリスト/grant_specific/019_E_JST GteX 革新的GX技術創出（推定例年5-7月）.md,../drafts_v2/019_E_JST GteX 革新的GX技術創出（推定例年5-7月）.md,
019,M,JST GteX 革新的GX技術創出（推定例年5-7月）,2026-05〜07頃,蓄電池8億〜23億等,ドラフト作成済,_チェックリスト/grant_specific/019_M_JST GteX 革新的GX技術創出（推定例年5-7月）.md,../drafts_v2/019_M_JST GteX 革新的GX技術創出（推定例年5-7月）.md,
004,E,NEDO ディープテック・スタートアップ支援(DTSU)第10回,2026-06以降,3-5億円,ドラフト作成済,_チェックリスト/grant_specific/004_E_NEDO ディープテック・スタートアップ支援(DTSU)第10回.md,../drafts_v2/004_E_NEDO ディープテック・スタートアップ支援(DTSU)第10回.md,
005,E,中小企業成長加速化補助金（推定例年6月）,2026-06頃,最大5億円,ドラフト作成済,_チェックリスト/grant_specific/005_E_中小企業成長加速化補助金（推定例年6月）.md,../drafts_v2/005_E_中小企業成長加速化補助金（推定例年6月）.md,
015,E,経済安全保障重要技術育成プログラム（K Program）,2026-06以降,数千万-数十億円,ドラフト作成済,_チェックリスト/grant_specific/015_E_経済安全保障重要技術育成プログラム（K Program）.md,../drafts_v2/015_E_経済安全保障重要技術育成プログラム（K Program）.md,
015,M,経済安全保障重要技術育成プログラム（K Program）,2026-06以降,数千万-数十億円,ドラフト作成済,_チェックリスト/grant_specific/015_M_経済安全保障重要技術育成プログラム（K Program）.md,../drafts_v2/015_M_経済安全保障重要技術育成プログラム（K Program）.md,
B3213,E,DX等成長分野リスキリング推進事業,2026-06〜08予定,数千万-+企業連携支援,ドラフト作成済,_チェックリスト/grant_specific/B3213_E_DX等成長分野リスキリング推進事業.md,../drafts_v2/B3213_E_DX等成長分野リスキリング推進事業.md,
B5,E,JST A-STEP 産学共同（秋募集・推定）,2026-09〜10頃,"500万-1,500万円",ドラフト作成済,_チェックリスト/grant_specific/B5_E_JST A-STEP 産学共同（秋募集・推定）.md,../drafts_v2/B5_E_JST A-STEP 産学共同（秋募集・推定）.md,
B5416,E,JST A-STEP 産学共同（秋募集・推定）,2026-09〜10頃,"500万-1,500万円",ドラフト作成済,_チェックリスト/grant_specific/B5416_E_JST A-STEP 産学共同（秋募集・推定）.md,../drafts_v2/B5416_E_JST A-STEP 産学共同（秋募集・推定）.md,
N100,M,京都府 文化力チャレンジ補助金,2026-05-11,20万円,ドラフト作成済,_チェックリスト/grant_specific/N100_M_京都府 文化力チャレンジ補助金.md,../drafts_v2/N100_M_京都府 文化力チャレンジ補助金.md,
N101,E,デジタル化・AI導入補助金 2026 セキュリティ枠,2026-05-12,150万円,ドラフト作成済,_チェックリスト/grant_specific/N101_E_デジタル化・AI導入補助金 2026 セキュリティ枠.md,../drafts_v2/N101_E_デジタル化・AI導入補助金 2026 セキュリティ枠.md,
N102,M,JST 創発的研究支援事業,2026-05-14,"約3,000万円(3年)",ドラフト作成済,_チェックリスト/grant_specific/N102_M_JST 創発的研究支援事業.md,../drafts_v2/N102_M_JST 創発的研究支援事業.md,
N103,E,京都エコノミック・ガーデニング支援,2026-05-14,段階設定,ドラフト作成済,_チェックリスト/grant_specific/N103_E_京都エコノミック・ガーデニング支援.md,../drafts_v2/N103_E_京都エコノミック・ガーデニング支援.md,
N104,M,サステナブルツーリズム推進事業（沖縄）,2026-05-15,500万円,ドラフト作成済,_チェックリスト/grant_specific/N104_M_サステナブルツーリズム推進事業（沖縄）.md,../drafts_v2/N104_M_サステナブルツーリズム推進事業（沖縄）.md,
N105,E,中小企業省力化投資補助金 一般型 第6回,2026-05-15,"1,500万円(オーダーメイド)",ドラフト作成済,_チェックリスト/grant_specific/N105_E_中小企業省力化投資補助金 一般型 第6回.md,../drafts_v2/N105_E_中小企業省力化投資補助金 一般型 第6回.md,
N106,M,大同生命厚生事業団 地域保健福祉研究助成,2026-05-18,要公式確認,ドラフト作成済,_チェックリスト/grant_specific/N106_M_大同生命厚生事業団 地域保健福祉研究助成.md,../drafts_v2/N106_M_大同生命厚生事業団 地域保健福祉研究助成.md,
012,E,JST ASPIRE 2026 国際共同研究,2026-05-19,"9,000万円(3年)",ドラフト作成済,_チェックリスト/grant_specific/012_E_JST ASPIRE 2026 国際共同研究.md,../drafts_v2/012_E_JST ASPIRE 2026 国際共同研究.md,
012,M,JST ASPIRE 2026 国際共同研究,2026-05-19,"9,000万円(3年)",ドラフト作成済,_チェックリスト/grant_specific/012_M_JST ASPIRE 2026 国際共同研究.md,../drafts_v2/012_M_JST ASPIRE 2026 国際共同研究.md,
N107,M,NEDO 数理科学分野×産学連携の調査,2026-05-20,"2,000万円",ドラフト作成済,_チェックリスト/grant_specific/N107_M_NEDO 数理科学分野×産学連携の調査.md,../drafts_v2/N107_M_NEDO 数理科学分野×産学連携の調査.md,
N108,E,NEDO 数理科学分野×産学連携の調査,2026-05-20,"2,000万円",ドラフト作成済,_チェックリスト/grant_specific/N108_E_NEDO 数理科学分野×産学連携の調査.md,../drafts_v2/N108_E_NEDO 数理科学分野×産学連携の調査.md,
N109,M,ロッテ財団 実装型共同研究助成,2026-05-22,—,ドラフト作成済,_チェックリスト/grant_specific/N109_M_ロッテ財団 実装型共同研究助成.md,../drafts_v2/N109_M_ロッテ財団 実装型共同研究助成.md,
N110,E,ロッテ財団 実装型共同研究助成,2026-05-22,—,ドラフト作成済,_チェックリスト/grant_specific/N110_E_ロッテ財団 実装型共同研究助成.md,../drafts_v2/N110_E_ロッテ財団 実装型共同研究助成.md,
N111,E,JETRO GSAP（グローバル・スタートアップ・アクセラ）,2026-05-24,エクイティフリー支援,ドラフト作成済,_チェックリスト/grant_specific/N111_E_JETRO GSAP（グローバル・スタートアップ・アクセラ）.md,../drafts_v2/N111_E_JETRO GSAP（グローバル・スタートアップ・アクセラ）.md,
N112,M,京都産学公の森推進事業,2026-05-25,段階設定,ドラフト作成済,_チェックリスト/grant_specific/N112_M_京都産学公の森推進事業.md,../drafts_v2/N112_M_京都産学公の森推進事業.md,
N113,E,京都産学公の森推進事業,2026-05-25,段階設定,ドラフト作成済,_チェックリスト/grant_specific/N113_E_京都産学公の森推進事業.md,../drafts_v2/N113_E_京都産学公の森推進事業.md,
N114,M,JST さきがけ／ACT-X 2026年度,2026-05-26,"5,000万/600万",ドラフト作成済,_チェックリスト/grant_specific/N114_M_JST さきがけ／ACT-X 2026年度.md,../drafts_v2/N114_M_JST さきがけ／ACT-X 2026年度.md,
N115,M,松下幸之助記念志財団 出版助成,2026-05-27,200万円,ドラフト作成済,_チェックリスト/grant_specific/N115_M_松下幸之助記念志財団 出版助成.md,../drafts_v2/N115_M_松下幸之助記念志財団 出版助成.md,
001,E,観光庁 オーバーツーリズム対策面的整備（令和8年度）,2026-05-29 12:00必着,"補助上限2億円（2/3）／5,000万円（1/2）",ドラフト作成済,_チェックリスト/grant_specific/001_E_観光庁オーバーツーリズム対策.md,../drafts_v2/001_E_観光庁オーバーツーリズム対策.md,
001,M,観光庁 オーバーツーリズム対策面的整備（令和8年度）,2026-05-29 12:00必着,"補助上限2億円（補助率2/3）／5,000万円（1/2）",ドラフト作成済,_チェックリスト/grant_specific/001_M_観光庁オーバーツーリズム対策.md,../drafts_v2/001_M_観光庁オーバーツーリズム対策.md,
010,E,総務省 地域社会DX推進パッケージ事業（二次公募）,2026-05-29,"計画策定500万・推進体制1,000万円〜",ドラフト作成済,_チェックリスト/grant_specific/010_E_総務省 地域社会DX推進パッケージ事業（二次公募）.md,../drafts_v2/010_E_総務省 地域社会DX推進パッケージ事業（二次公募）.md,
010,M,総務省 地域社会DX推進パッケージ事業（二次公募）,2026-05-29,"計画策定500万・推進体制1,000万円〜",ドラフト作成済,_チェックリスト/grant_specific/010_M_総務省 地域社会DX推進パッケージ事業（二次公募）.md,../drafts_v2/010_M_総務省 地域社会DX推進パッケージ事業（二次公募）.md,
N116,M,内藤記念国際会議開催助成金,2026-05-29,—,ドラフト作成済,_チェックリスト/grant_specific/N116_M_内藤記念国際会議開催助成金.md,../drafts_v2/N116_M_内藤記念国際会議開催助成金.md,
N117,E,内藤記念国際会議開催助成金,2026-05-29,—,ドラフト作成済,_チェックリスト/grant_specific/N117_E_内藤記念国際会議開催助成金.md,../drafts_v2/N117_E_内藤記念国際会議開催助成金.md,
N118,M,住友電工グループ社会貢献基金 学術研究助成,2026-05-29,—,ドラフト作成済,_チェックリスト/grant_specific/N118_M_住友電工グループ社会貢献基金 学術研究助成.md,../drafts_v2/N118_M_住友電工グループ社会貢献基金 学術研究助成.md,
N119,E,京都市デジタル化推進プロジェクト,2026-05-29,100万円,ドラフト作成済,_チェックリスト/grant_specific/N119_E_京都市デジタル化推進プロジェクト.md,../drafts_v2/N119_E_京都市デジタル化推進プロジェクト.md,
N120,E,事業承継・M&A補助金,2026-05-29,"2,000万円",ドラフト作成済,_チェックリスト/grant_specific/N120_E_事業承継・M&A補助金.md,../drafts_v2/N120_E_事業承継・M&A補助金.md,
N121,M,観光庁 オーバーツーリズム対策面的整備（令和8年度）,2026-05-29,"補助上限2億円(2/3)・5,000万円(1/2)",ドラフト作成済,_チェックリスト/grant_specific/N121_M_観光庁 オーバーツーリズム対策面的整備（令和8年度）.md,../drafts_v2/N121_M_観光庁 オーバーツーリズム対策面的整備（令和8年度）.md,
N122,E,観光庁 オーバーツーリズム対策面的整備（令和8年度）,2026-05-29,"補助上限2億円(2/3)・5,000万円(1/2)",ドラフト作成済,_チェックリスト/grant_specific/N122_E_観光庁 オーバーツーリズム対策面的整備（令和8年度）.md,../drafts_v2/N122_E_観光庁 オーバーツーリズム対策面的整備（令和8年度）.md,
023,E,トヨタ財団 国際助成プログラム,2026-05-30,"1,000万円",ドラフト作成済,_チェックリスト/grant_specific/023_E_トヨタ財団 国際助成プログラム.md,../drafts_v2/023_E_トヨタ財団 国際助成プログラム.md,
023,M,トヨタ財団 国際助成プログラム,2026-05-30,"1,000万円",ドラフト作成済,_チェックリスト/grant_specific/023_M_トヨタ財団 国際助成プログラム.md,../drafts_v2/023_M_トヨタ財団 国際助成プログラム.md,
N123,M,DX推進補助事業（沖縄DX促進）,2026-05-30,"1,000万円",ドラフト作成済,_チェックリスト/grant_specific/N123_M_DX推進補助事業（沖縄DX促進）.md,../drafts_v2/N123_M_DX推進補助事業（沖縄DX促進）.md,
N124,E,DX推進補助事業（沖縄DX促進）,2026-05-30,"1,000万円",ドラフト作成済,_チェックリスト/grant_specific/N124_E_DX推進補助事業（沖縄DX促進）.md,../drafts_v2/N124_E_DX推進補助事業（沖縄DX促進）.md,
003,M,JST CREST 戦略的創造研究推進事業,2026-06-02,3億円(5年),ドラフト作成済,_チェックリスト/grant_specific/003_M_JST CREST 戦略的創造研究推進事業.md,../drafts_v2/003_M_JST CREST 戦略的創造研究推進事業.md,
N125,M,JST CREST「エクスポソーム」,2026-06-02,3億円(5年),ドラフト作成済,_チェックリスト/grant_specific/N125_M_JST CREST「エクスポソーム」.md,../drafts_v2/N125_M_JST CREST「エクスポソーム」.md,
006,M,JST RISTEX「ケアが根づく社会システム」,2026-06-03,"2,300万円",ドラフト作成済,_チェックリスト/grant_specific/006_M_JST RISTEX「ケアが根づく社会システム」.md,../drafts_v2/006_M_JST RISTEX「ケアが根づく社会システム」.md,
007,M,JST RISTEX「SDGs達成に向けた共創的研究開発」,2026-06-03,"1,900万円",ドラフト作成済,_チェックリスト/grant_specific/007_M_JST RISTEX「SDGs達成に向けた共創的研究開発」.md,../drafts_v2/007_M_JST RISTEX「SDGs達成に向けた共創的研究開発」.md,
024,M,トヨタ財団 国内助成プログラム（自治型社会）,2026-06-03,"1,500万円",ドラフト作成済,_チェックリスト/grant_specific/024_M_トヨタ財団 国内助成プログラム（自治型社会）.md,../drafts_v2/024_M_トヨタ財団 国内助成プログラム（自治型社会）.md,
029,M,トヨタ財団 研究助成「未来の社会システム」,2026-06-05,800万円,ドラフト作成済,_チェックリスト/grant_specific/029_M_トヨタ財団 研究助成「未来の社会システム」.md,../drafts_v2/029_M_トヨタ財団 研究助成「未来の社会システム」.md,
N126,M,京都市 Arts Aid KYOTO,2026-06-05,段階設定,ドラフト作成済,_チェックリスト/grant_specific/N126_M_京都市 Arts Aid KYOTO.md,../drafts_v2/N126_M_京都市 Arts Aid KYOTO.md,
N127,M,コミュニティ活動促進事業（沖縄）,2026-06-05,100万円程度,ドラフト作成済,_チェックリスト/grant_specific/N127_M_コミュニティ活動促進事業（沖縄）.md,../drafts_v2/N127_M_コミュニティ活動促進事業（沖縄）.md,
N128,E,JETRO J-StarX（海外起業家育成）,2026-06-05〜07,エクイティフリー支援,ドラフト作成済,_チェックリスト/grant_specific/N128_E_JETRO J-StarX（海外起業家育成）.md,../drafts_v2/N128_E_JETRO J-StarX（海外起業家育成）.md,
N129,M,中国電力技術研究財団 国際会議等開催助成,2026-06-10,—,ドラフト作成済,_チェックリスト/grant_specific/N129_M_中国電力技術研究財団 国際会議等開催助成.md,../drafts_v2/N129_M_中国電力技術研究財団 国際会議等開催助成.md,
N130,E,中国電力技術研究財団 国際会議等開催助成,2026-06-10,—,ドラフト作成済,_チェックリスト/grant_specific/N130_E_中国電力技術研究財団 国際会議等開催助成.md,../drafts_v2/N130_E_中国電力技術研究財団 国際会議等開催助成.md,
030,E,DNP文化振興財団 グラフィック文化研究助成,2026-06-15,100-300万円,ドラフト作成済,_チェックリスト/grant_specific/030_E_DNP文化振興財団 グラフィック文化研究助成.md,../drafts_v2/030_E_DNP文化振興財団 グラフィック文化研究助成.md,
030,M,DNP文化振興財団 グラフィック文化研究助成,2026-06-15,100-300万円,ドラフト作成済,_チェックリスト/grant_specific/030_M_DNP文化振興財団 グラフィック文化研究助成.md,../drafts_v2/030_M_DNP文化振興財団 グラフィック文化研究助成.md,
002,M,JSPS科研費 特別推進・基盤研究(S),2026-06-16 16:30,"特別推進3億円（3-5年）／基盤(S)3,000万円（3-5年）",ドラフト作成済,_チェックリスト/grant_specific/002_M_JSPS科研費_特別推進_基盤S.md,../drafts_v2/002_M_JSPS科研費_特別推進_基盤S.md,
008,E,共創の場形成支援プログラム（COI-NEXT）「未来共創分野」,2026-06-18,"3,700万円/年×2年",ドラフト作成済,_チェックリスト/grant_specific/008_E_共創の場形成支援プログラム（COI-NEXT）「未来共創分野」.md,../drafts_v2/008_E_共創の場形成支援プログラム（COI-NEXT）「未来共創分野」.md,
008,M,共創の場形成支援プログラム（COI-NEXT）「未来共創分野」,2026-06-18,"3,700万円/年×2年",ドラフト作成済,_チェックリスト/grant_specific/008_M_共創の場形成支援プログラム（COI-NEXT）「未来共創分野」.md,../drafts_v2/008_M_共創の場形成支援プログラム（COI-NEXT）「未来共創分野」.md,
B3200,M,立石科学技術振興財団 国際交流助成,2026-06-19,—,ドラフト作成済,_チェックリスト/grant_specific/B3200_M_立石科学技術振興財団 国際交流助成.md,../drafts_v2/B3200_M_立石科学技術振興財団 国際交流助成.md,
B3201,E,立石科学技術振興財団 国際交流助成,2026-06-19,—,ドラフト作成済,_チェックリスト/grant_specific/B3201_E_立石科学技術振興財団 国際交流助成.md,../drafts_v2/B3201_E_立石科学技術振興財団 国際交流助成.md,
B3202,M,立石科学技術振興財団 国際会議開催助成,2026-06-19,—,ドラフト作成済,_チェックリスト/grant_specific/B3202_M_立石科学技術振興財団 国際会議開催助成.md,../drafts_v2/B3202_M_立石科学技術振興財団 国際会議開催助成.md,
B3203,E,立石科学技術振興財団 国際会議開催助成,2026-06-19,—,ドラフト作成済,_チェックリスト/grant_specific/B3203_E_立石科学技術振興財団 国際会議開催助成.md,../drafts_v2/B3203_E_立石科学技術振興財団 国際会議開催助成.md,
B3208,E,新事業進出・ものづくり補助金 第4回,2026-06-19,"1,000万円",ドラフト作成済,_チェックリスト/grant_specific/B3208_E_新事業進出・ものづくり補助金 第4回.md,../drafts_v2/B3208_E_新事業進出・ものづくり補助金 第4回.md,
B3204,M,清水基金 文化芸術活動特別助成事業,2026-06-20,30-200万円,ドラフト作成済,_チェックリスト/grant_specific/B3204_M_清水基金 文化芸術活動特別助成事業.md,../drafts_v2/B3204_M_清水基金 文化芸術活動特別助成事業.md,
B3205,M,JFE21世紀財団 アジア歴史研究助成,2026-06-22,150万円,ドラフト作成済,_チェックリスト/grant_specific/B3205_M_JFE21世紀財団 アジア歴史研究助成.md,../drafts_v2/B3205_M_JFE21世紀財団 アジア歴史研究助成.md,
B3206,M,京都市芸術文化協会 伝統芸能文化復元,2026-06-26,70万円,ドラフト作成済,_チェックリスト/grant_specific/B3206_M_京都市芸術文化協会 伝統芸能文化復元.md,../drafts_v2/B3206_M_京都市芸術文化協会 伝統芸能文化復元.md,
025,M,住友財団 基礎科学研究助成,2026-06-30,"1,000万円",ドラフト作成済,_チェックリスト/grant_specific/025_M_住友財団 基礎科学研究助成.md,../drafts_v2/025_M_住友財団 基礎科学研究助成.md,
B3207,M,住友財団 環境研究助成,2026-06-30,—,ドラフト作成済,_チェックリスト/grant_specific/B3207_M_住友財団 環境研究助成.md,../drafts_v2/B3207_M_住友財団 環境研究助成.md,
B3209,M,丸紅基金 第52回社会福祉助成金,2026-06-30,300万円,ドラフト作成済,_チェックリスト/grant_specific/B3209_M_丸紅基金 第52回社会福祉助成金.md,../drafts_v2/B3209_M_丸紅基金 第52回社会福祉助成金.md,
B3210,M,三井住友海上福祉財団 研究助成,2026-06-30,A枠500万・B枠200万,ドラフト作成済,_チェックリスト/grant_specific/B3210_M_三井住友海上福祉財団 研究助成.md,../drafts_v2/B3210_M_三井住友海上福祉財団 研究助成.md,
B3211,E,三井住友海上福祉財団 研究助成,2026-06-30,A枠500万・B枠200万,ドラフト作成済,_チェックリスト/grant_specific/B3211_E_三井住友海上福祉財団 研究助成.md,../drafts_v2/B3211_E_三井住友海上福祉財団 研究助成.md,
B3212,E,IMPACT FLOW KYOTO 2025-2026,2026-06-30〜10/17,コワーキング1年・伴走,ドラフト作成済,_チェックリスト/grant_specific/B3212_E_IMPACT FLOW KYOTO 2025-2026.md,../drafts_v2/B3212_E_IMPACT FLOW KYOTO 2025-2026.md,
026,M,鹿島学術振興財団 特定テーマ研究助成,2026-07-01,"2,000万円",ドラフト作成済,_チェックリスト/grant_specific/026_M_鹿島学術振興財団 特定テーマ研究助成.md,../drafts_v2/026_M_鹿島学術振興財団 特定テーマ研究助成.md,
B4,M,パナソニック NPO/NGOサポートファンド for SDGs,2026-07-15〜07/31,組織基盤強化,ドラフト作成済,_チェックリスト/grant_specific/B4_M_パナソニック NPO_NGOサポートファンド for SDGs.md,../drafts_v2/B4_M_パナソニック NPO_NGOサポートファンド for SDGs.md,
B4311,M,パナソニック NPO/NGOサポートファンド for SDGs,2026-07-15〜07/31,組織基盤強化,ドラフト作成済,_チェックリスト/grant_specific/B4311_M_パナソニック NPO_NGOサポートファンド for SDGs.md,../drafts_v2/B4311_M_パナソニック NPO_NGOサポートファンド for SDGs.md,
B4,M,JST SICORP EIG CONCERT-Japan AIロボティクス,2026-07-22,"3,900万円(3年)",ドラフト作成済,_チェックリスト/grant_specific/B4_M_JST SICORP EIG CONCERT-Japan AIロボティクス.md,../drafts_v2/B4_M_JST SICORP EIG CONCERT-Japan AIロボティクス.md,
B4,M,稲盛研究助成「はぐくむ」,2026-07-22,—,ドラフト作成済,_チェックリスト/grant_specific/B4_M_稲盛研究助成「はぐくむ」.md,../drafts_v2/B4_M_稲盛研究助成「はぐくむ」.md,
B4300,M,稲盛研究助成「はぐくむ」,2026-07-22,—,ドラフト作成済,_チェックリスト/grant_specific/B4300_M_稲盛研究助成「はぐくむ」.md,../drafts_v2/B4300_M_稲盛研究助成「はぐくむ」.md,
B4309,M,JST SICORP EIG CONCERT-Japan AIロボティクス,2026-07-22,"3,900万円(3年)",ドラフト作成済,_チェックリスト/grant_specific/B4309_M_JST SICORP EIG CONCERT-Japan AIロボティクス.md,../drafts_v2/B4309_M_JST SICORP EIG CONCERT-Japan AIロボティクス.md,
B4310,E,JST SICORP EIG CONCERT-Japan AIロボティクス,2026-07-22,"3,900万円(3年)",ドラフト作成済,_チェックリスト/grant_specific/B4310_E_JST SICORP EIG CONCERT-Japan AIロボティクス.md,../drafts_v2/B4310_E_JST SICORP EIG CONCERT-Japan AIロボティクス.md,
B4,E,日本食品化学研究振興財団 シンポジウム開催助成,2026-07-25,—,ドラフト作成済,_チェックリスト/grant_specific/B4_E_日本食品化学研究振興財団 シンポジウム開催助成.md,../drafts_v2/B4_E_日本食品化学研究振興財団 シンポジウム開催助成.md,
B4,M,日本食品化学研究振興財団 シンポジウム開催助成,2026-07-25,—,ドラフト作成済,_チェックリスト/grant_specific/B4_M_日本食品化学研究振興財団 シンポジウム開催助成.md,../drafts_v2/B4_M_日本食品化学研究振興財団 シンポジウム開催助成.md,
B4301,M,日本食品化学研究振興財団 シンポジウム開催助成,2026-07-25,—,ドラフト作成済,_チェックリスト/grant_specific/B4301_M_日本食品化学研究振興財団 シンポジウム開催助成.md,../drafts_v2/B4301_M_日本食品化学研究振興財団 シンポジウム開催助成.md,
B4302,E,日本食品化学研究振興財団 シンポジウム開催助成,2026-07-25,—,ドラフト作成済,_チェックリスト/grant_specific/B4302_E_日本食品化学研究振興財団 シンポジウム開催助成.md,../drafts_v2/B4302_E_日本食品化学研究振興財団 シンポジウム開催助成.md,
B4,E,セコム科学技術振興財団 学術集会助成,2026-07-31,—,ドラフト作成済,_チェックリスト/grant_specific/B4_E_セコム科学技術振興財団 学術集会助成.md,../drafts_v2/B4_E_セコム科学技術振興財団 学術集会助成.md,
B4,E,島津科学技術振興財団 研究開発助成（先進情報・データサイエンス）,2026-07-31,100万円,ドラフト作成済,_チェックリスト/grant_specific/B4_E_島津科学技術振興財団 研究開発助成（先進情報・データサイエンス）.md,../drafts_v2/B4_E_島津科学技術振興財団 研究開発助成（先進情報・データサイエンス）.md,
B4,M,セコム科学技術振興財団 学術集会助成,2026-07-31,—,ドラフト作成済,_チェックリスト/grant_specific/B4_M_セコム科学技術振興財団 学術集会助成.md,../drafts_v2/B4_M_セコム科学技術振興財団 学術集会助成.md,
B4303,M,セコム科学技術振興財団 学術集会助成,2026-07-31,—,ドラフト作成済,_チェックリスト/grant_specific/B4303_M_セコム科学技術振興財団 学術集会助成.md,../drafts_v2/B4303_M_セコム科学技術振興財団 学術集会助成.md,
B4304,E,セコム科学技術振興財団 学術集会助成,2026-07-31,—,ドラフト作成済,_チェックリスト/grant_specific/B4304_E_セコム科学技術振興財団 学術集会助成.md,../drafts_v2/B4304_E_セコム科学技術振興財団 学術集会助成.md,
B4305,E,島津科学技術振興財団 研究開発助成（先進情報・データサイエンス）,2026-07-31,—,ドラフト作成済,_チェックリスト/grant_specific/B4305_E_島津科学技術振興財団 研究開発助成（先進情報・データサイエンス）.md,../drafts_v2/B4305_E_島津科学技術振興財団 研究開発助成（先進情報・データサイエンス）.md,
B4,M,稲盛研究助成「たかめる」,2026-08-05,—,ドラフト作成済,_チェックリスト/grant_specific/B4_M_稲盛研究助成「たかめる」.md,../drafts_v2/B4_M_稲盛研究助成「たかめる」.md,
B4306,M,稲盛研究助成「たかめる」,2026-08-05,—,ドラフト作成済,_チェックリスト/grant_specific/B4306_M_稲盛研究助成「たかめる」.md,../drafts_v2/B4306_M_稲盛研究助成「たかめる」.md,
B4,E,テルモ生命科学振興財団 国際交流助成,2026-08-07,—,ドラフト作成済,_チェックリスト/grant_specific/B4_E_テルモ生命科学振興財団 国際交流助成.md,../drafts_v2/B4_E_テルモ生命科学振興財団 国際交流助成.md,
B4,M,テルモ生命科学振興財団 国際交流助成,2026-08-07,—,ドラフト作成済,_チェックリスト/grant_specific/B4_M_テルモ生命科学振興財団 国際交流助成.md,../drafts_v2/B4_M_テルモ生命科学振興財団 国際交流助成.md,
B4307,M,テルモ生命科学振興財団 国際交流助成,2026-08-07,—,ドラフト作成済,_チェックリスト/grant_specific/B4307_M_テルモ生命科学振興財団 国際交流助成.md,../drafts_v2/B4307_M_テルモ生命科学振興財団 国際交流助成.md,
B4308,E,テルモ生命科学振興財団 国際交流助成,2026-08-07,—,ドラフト作成済,_チェックリスト/grant_specific/B4308_E_テルモ生命科学振興財団 国際交流助成.md,../drafts_v2/B4308_E_テルモ生命科学振興財団 国際交流助成.md,
B5,E,観光庁 ICTサービス利活用促進事業,2026-08-18〜09/19,400万円,ドラフト作成済,_チェックリスト/grant_specific/B5_E_観光庁 ICTサービス利活用促進事業.md,../drafts_v2/B5_E_観光庁 ICTサービス利活用促進事業.md,
B5,M,観光庁 ICTサービス利活用促進事業,2026-08-18〜09/19,400万円,ドラフト作成済,_チェックリスト/grant_specific/B5_M_観光庁 ICTサービス利活用促進事業.md,../drafts_v2/B5_M_観光庁 ICTサービス利活用促進事業.md,
B5412,M,観光庁 ICTサービス利活用促進事業,2026-08-18〜09/19,400万円,ドラフト作成済,_チェックリスト/grant_specific/B5412_M_観光庁 ICTサービス利活用促進事業.md,../drafts_v2/B5412_M_観光庁 ICTサービス利活用促進事業.md,
B5413,E,観光庁 ICTサービス利活用促進事業,2026-08-18〜09/19,400万円,ドラフト作成済,_チェックリスト/grant_specific/B5413_E_観光庁 ICTサービス利活用促進事業.md,../drafts_v2/B5413_E_観光庁 ICTサービス利活用促進事業.md,
B5,E,加藤記念バイオサイエンス振興財団 国際交流助成,2026-08-31,—,ドラフト作成済,_チェックリスト/grant_specific/B5_E_加藤記念バイオサイエンス振興財団 国際交流助成.md,../drafts_v2/B5_E_加藤記念バイオサイエンス振興財団 国際交流助成.md,
B5,M,加藤記念バイオサイエンス振興財団 国際交流助成,2026-08-31,—,ドラフト作成済,_チェックリスト/grant_specific/B5_M_加藤記念バイオサイエンス振興財団 国際交流助成.md,../drafts_v2/B5_M_加藤記念バイオサイエンス振興財団 国際交流助成.md,
B5400,M,加藤記念バイオサイエンス振興財団 国際交流助成,2026-08-31,—,ドラフト作成済,_チェックリスト/grant_specific/B5400_M_加藤記念バイオサイエンス振興財団 国際交流助成.md,../drafts_v2/B5400_M_加藤記念バイオサイエンス振興財団 国際交流助成.md,
B5401,E,加藤記念バイオサイエンス振興財団 国際交流助成,2026-08-31,—,ドラフト作成済,_チェックリスト/grant_specific/B5401_E_加藤記念バイオサイエンス振興財団 国際交流助成.md,../drafts_v2/B5401_E_加藤記念バイオサイエンス振興財団 国際交流助成.md,
B5,E,住友財団 アジア諸国における日本関連研究助成,2026-09-01,—,ドラフト作成済,_チェックリスト/grant_specific/B5_E_住友財団 アジア諸国における日本関連研究助成.md,../drafts_v2/B5_E_住友財団 アジア諸国における日本関連研究助成.md,
B5,E,興和生命科学振興財団 国際交流助成・研究会等援助,2026-09-01,—,ドラフト作成済,_チェックリスト/grant_specific/B5_E_興和生命科学振興財団 国際交流助成・研究会等援助.md,../drafts_v2/B5_E_興和生命科学振興財団 国際交流助成・研究会等援助.md,
B5,M,住友財団 アジア諸国における日本関連研究助成,2026-09-01,—,ドラフト作成済,_チェックリスト/grant_specific/B5_M_住友財団 アジア諸国における日本関連研究助成.md,../drafts_v2/B5_M_住友財団 アジア諸国における日本関連研究助成.md,
B5,M,放送文化基金 放送文化関連研究開発助成,2026-09-01〜09/30,300-600万円,ドラフト作成済,_チェックリスト/grant_specific/B5_M_放送文化基金 放送文化関連研究開発助成.md,../drafts_v2/B5_M_放送文化基金 放送文化関連研究開発助成.md,
B5,M,興和生命科学振興財団 国際交流助成・研究会等援助,2026-09-01,—,ドラフト作成済,_チェックリスト/grant_specific/B5_M_興和生命科学振興財団 国際交流助成・研究会等援助.md,../drafts_v2/B5_M_興和生命科学振興財団 国際交流助成・研究会等援助.md,
B5,M,電気通信普及財団 研究調査助成,2026-09-01〜11/30,100-300万円,ドラフト作成済,_チェックリスト/grant_specific/B5_M_電気通信普及財団 研究調査助成.md,../drafts_v2/B5_M_電気通信普及財団 研究調査助成.md,
B5402,M,住友財団 アジア諸国における日本関連研究助成,2026-09-01,—,ドラフト作成済,_チェックリスト/grant_specific/B5402_M_住友財団 アジア諸国における日本関連研究助成.md,../drafts_v2/B5402_M_住友財団 アジア諸国における日本関連研究助成.md,
B5403,E,住友財団 アジア諸国における日本関連研究助成,2026-09-01,—,ドラフト作成済,_チェックリスト/grant_specific/B5403_E_住友財団 アジア諸国における日本関連研究助成.md,../drafts_v2/B5403_E_住友財団 アジア諸国における日本関連研究助成.md,
B5404,M,興和生命科学振興財団 国際交流助成・研究会等援助,2026-09-01,—,ドラフト作成済,_チェックリスト/grant_specific/B5404_M_興和生命科学振興財団 国際交流助成・研究会等援助.md,../drafts_v2/B5404_M_興和生命科学振興財団 国際交流助成・研究会等援助.md,
B5405,E,興和生命科学振興財団 国際交流助成・研究会等援助,2026-09-01,—,ドラフト作成済,_チェックリスト/grant_specific/B5405_E_興和生命科学振興財団 国際交流助成・研究会等援助.md,../drafts_v2/B5405_E_興和生命科学振興財団 国際交流助成・研究会等援助.md,
B5406,M,電気通信普及財団 研究調査助成,2026-09-01〜11/30,100-300万円,ドラフト作成済,_チェックリスト/grant_specific/B5406_M_電気通信普及財団 研究調査助成.md,../drafts_v2/B5406_M_電気通信普及財団 研究調査助成.md,
B5407,M,放送文化基金 放送文化関連研究開発助成,2026-09-01〜09/30,300-600万円,ドラフト作成済,_チェックリスト/grant_specific/B5407_M_放送文化基金 放送文化関連研究開発助成.md,../drafts_v2/B5407_M_放送文化基金 放送文化関連研究開発助成.md,
B5,M,JSPS 二国間交流事業,2026-09-03頃,100-250万円/年,ドラフト作成済,_チェックリスト/grant_specific/B5_M_JSPS 二国間交流事業.md,../drafts_v2/B5_M_JSPS 二国間交流事業.md,
B5415,M,JSPS 二国間交流事業,2026-09-03頃,100-250万円/年,ドラフト作成済,_チェックリスト/grant_specific/B5415_M_JSPS 二国間交流事業.md,../drafts_v2/B5415_M_JSPS 二国間交流事業.md,
013,M,JSPS 研究成果公開促進費 データベース部門,2026-09-17頃,"200-1,000万円",ドラフト作成済,_チェックリスト/grant_specific/013_M_JSPS 研究成果公開促進費 データベース部門.md,../drafts_v2/013_M_JSPS 研究成果公開促進費 データベース部門.md,
B5,M,JSPS 国際共同研究加速基金（強化B）,2026-09-17頃,50-200万円(科研費連動),ドラフト作成済,_チェックリスト/grant_specific/B5_M_JSPS 国際共同研究加速基金（強化B）.md,../drafts_v2/B5_M_JSPS 国際共同研究加速基金（強化B）.md,
B5,M,JSPS 学術図書出版補助金,2026-09-17頃,100-300万円,ドラフト作成済,_チェックリスト/grant_specific/B5_M_JSPS 学術図書出版補助金.md,../drafts_v2/B5_M_JSPS 学術図書出版補助金.md,
B5414,M,JSPS 国際共同研究加速基金（強化B）,2026-09-17頃,50-200万円(科研費連動),ドラフト作成済,_チェックリスト/grant_specific/B5414_M_JSPS 国際共同研究加速基金（強化B）.md,../drafts_v2/B5414_M_JSPS 国際共同研究加速基金（強化B）.md,
B5417,M,JSPS 学術図書出版補助金,2026-09-17頃,100-300万円,ドラフト作成済,_チェックリスト/grant_specific/B5417_M_JSPS 学術図書出版補助金.md,../drafts_v2/B5417_M_JSPS 学術図書出版補助金.md,
B5,M,立石科学技術振興財団 研究助成(S),2026-09-18,—,ドラフト作成済,_チェックリスト/grant_specific/B5_M_立石科学技術振興財団 研究助成(S).md,../drafts_v2/B5_M_立石科学技術振興財団 研究助成(S).md,
B5408,M,立石科学技術振興財団 研究助成(S),2026-09-18,—,ドラフト作成済,_チェックリスト/grant_specific/B5408_M_立石科学技術振興財団 研究助成(S).md,../drafts_v2/B5408_M_立石科学技術振興財団 研究助成(S).md,
B5,E,ものづくり補助金 19次（経産省）,2026-09-28,4000万円,ドラフト作成済,_チェックリスト/grant_specific/B5_E_ものづくり補助金 19次（経産省）.md,../drafts_v2/B5_E_ものづくり補助金 19次（経産省）.md,
B5,M,ものづくり補助金 19次（経産省）,2026-09-28,"4,000万円",ドラフト作成済,_チェックリスト/grant_specific/B5_M_ものづくり補助金 19次（経産省）.md,../drafts_v2/B5_M_ものづくり補助金 19次（経産省）.md,
B5409,M,ものづくり補助金 19次（経産省）,2026-09-28,"4,000万円",ドラフト作成済,_チェックリスト/grant_specific/B5409_M_ものづくり補助金 19次（経産省）.md,../drafts_v2/B5409_M_ものづくり補助金 19次（経産省）.md,
B5410,E,ものづくり補助金 19次（経産省）,2026-09-28,"4,000万円",ドラフト作成済,_チェックリスト/grant_specific/B5410_E_ものづくり補助金 19次（経産省）.md,../drafts_v2/B5410_E_ものづくり補助金 19次（経産省）.md,
B5,M,加藤記念バイオサイエンス振興財団 研究助成,2026-09-30,—,ドラフト作成済,_チェックリスト/grant_specific/B5_M_加藤記念バイオサイエンス振興財団 研究助成.md,../drafts_v2/B5_M_加藤記念バイオサイエンス振興財団 研究助成.md,
B5411,M,加藤記念バイオサイエンス振興財団 研究助成,2026-09-30,—,ドラフト作成済,_チェックリスト/grant_specific/B5411_M_加藤記念バイオサイエンス振興財団 研究助成.md,../drafts_v2/B5411_M_加藤記念バイオサイエンス振興財団 研究助成.md,
014,E,京都市 MICE開催支援助成金（大規模国際・上期4月/下期10月）,通年（年2回）,"1,000万円",ドラフト作成済,_チェックリスト/grant_specific/014_E_京都市 MICE開催支援助成金（大規模国際・上期4月_下期10月）.md,../drafts_v2/014_E_京都市 MICE開催支援助成金（大規模国際・上期4月_下期10月）.md,
014,M,京都市 MICE開催支援助成金（大規模国際・上期4月/下期10月）,通年（年2回）,"1,000万円",ドラフト作成済,_チェックリスト/grant_specific/014_M_京都市 MICE開催支援助成金（大規模国際・上期4月_下期10月）.md,../drafts_v2/014_M_京都市 MICE開催支援助成金（大規模国際・上期4月_下期10月）.md,
016,E,ムーンショット型研究開発事業,通年（PM別不定期）,年1-5億円,ドラフト作成済,_チェックリスト/grant_specific/016_E_ムーンショット型研究開発事業.md,../drafts_v2/016_E_ムーンショット型研究開発事業.md,
016,M,ムーンショット型研究開発事業,通年（PM別不定期）,年1-5億円,ドラフト作成済,_チェックリスト/grant_specific/016_M_ムーンショット型研究開発事業.md,../drafts_v2/016_M_ムーンショット型研究開発事業.md,
017,E,内閣府 SIP第3期（戦略的イノベーション創造）,通年,予算枠555億円(全14課題),ドラフト作成済,_チェックリスト/grant_specific/017_E_内閣府 SIP第3期（戦略的イノベーション創造）.md,../drafts_v2/017_E_内閣府 SIP第3期（戦略的イノベーション創造）.md,
017,M,内閣府 SIP第3期（戦略的イノベーション創造）,通年,予算枠555億円(全14課題),ドラフト作成済,_チェックリスト/grant_specific/017_M_内閣府 SIP第3期（戦略的イノベーション創造）.md,../drafts_v2/017_M_内閣府 SIP第3期（戦略的イノベーション創造）.md,
018,E,NEDO グリーンイノベーション基金,通年,数億円〜,ドラフト作成済,_チェックリスト/grant_specific/018_E_NEDO グリーンイノベーション基金.md,../drafts_v2/018_E_NEDO グリーンイノベーション基金.md,
018,M,NEDO グリーンイノベーション基金,通年,数億円〜,ドラフト作成済,_チェックリスト/grant_specific/018_M_NEDO グリーンイノベーション基金.md,../drafts_v2/018_M_NEDO グリーンイノベーション基金.md,
020,E,JST スタートアップ・エコシステム共創（地域拠点）,通年,2.5-5億円/年,ドラフト作成済,_チェックリスト/grant_specific/020_E_JST スタートアップ・エコシステム共創（地域拠点）.md,../drafts_v2/020_E_JST スタートアップ・エコシステム共創（地域拠点）.md,
021,E,第2期スタートアップ・エコシステム拠点形成戦略（内閣府）,通年,年5-10億円(複数年),ドラフト作成済,_チェックリスト/grant_specific/021_E_第2期スタートアップ・エコシステム拠点形成戦略（内閣府）.md,../drafts_v2/021_E_第2期スタートアップ・エコシステム拠点形成戦略（内閣府）.md,
022,M,地域中核大学・特色ある研究大学 総合振興パッケージ（J-PEAKS）,通年,大学年5-10億円,ドラフト作成済,_チェックリスト/grant_specific/022_M_地域中核大学・特色ある研究大学 総合振興パッケージ（J-PEAKS）.md,../drafts_v2/022_M_地域中核大学・特色ある研究大学 総合振興パッケージ（J-PEAKS）.md,
B6,E,ETIC. 社会起業塾イニシアティブ,通年,小規模助成+伴走,ドラフト作成済,_チェックリスト/grant_specific/B6_E_ETIC. 社会起業塾イニシアティブ.md,../drafts_v2/B6_E_ETIC. 社会起業塾イニシアティブ.md,
B6,E,GSG Impact JAPAN インパクト投資,通年,ネットワーク・評価軸,ドラフト作成済,_チェックリスト/grant_specific/B6_E_GSG Impact JAPAN インパクト投資.md,../drafts_v2/B6_E_GSG Impact JAPAN インパクト投資.md,
B6,E,GTIE GAPファンド（関東圏大学発SU）,通年,"3,000-5,000万円",ドラフト作成済,_チェックリスト/grant_specific/B6_E_GTIE GAPファンド（関東圏大学発SU）.md,../drafts_v2/B6_E_GTIE GAPファンド（関東圏大学発SU）.md,
B6,E,IT導入補助金 2026,通年（年複数回）,"1,500万円",ドラフト作成済,_チェックリスト/grant_specific/B6_E_IT導入補助金 2026.md,../drafts_v2/B6_E_IT導入補助金 2026.md,
B6,E,J-Startup KANSAI,通年,集中支援4年・露出,ドラフト作成済,_チェックリスト/grant_specific/B6_E_J-Startup KANSAI.md,../drafts_v2/B6_E_J-Startup KANSAI.md,
B6,E,JETRO アジアDX等新規事業創造,通年,要公式確認,ドラフト作成済,_チェックリスト/grant_specific/B6_E_JETRO アジアDX等新規事業創造.md,../drafts_v2/B6_E_JETRO アジアDX等新規事業創造.md,
B6,E,JETRO 中堅・中小企業輸出支援エコシステム,通年,"2,000万円",ドラフト作成済,_チェックリスト/grant_specific/B6_E_JETRO 中堅・中小企業輸出支援エコシステム.md,../drafts_v2/B6_E_JETRO 中堅・中小企業輸出支援エコシステム.md,
B6,E,JIC 産業革新投資機構,通年,出資・経営支援,ドラフト作成済,_チェックリスト/grant_specific/B6_E_JIC 産業革新投資機構.md,../drafts_v2/B6_E_JIC 産業革新投資機構.md,
B6,E,JST SUCCESS（出資型新事業創出）,通年,出資+メンタリング,ドラフト作成済,_チェックリスト/grant_specific/B6_E_JST SUCCESS（出資型新事業創出）.md,../drafts_v2/B6_E_JST SUCCESS（出資型新事業創出）.md,
B6,E,JST マッチングプランナープログラム,通年,無料-数百万円,ドラフト作成済,_チェックリスト/grant_specific/B6_E_JST マッチングプランナープログラム.md,../drafts_v2/B6_E_JST マッチングプランナープログラム.md,
B6,E,NEDO 研究開発型スタートアップ支援(NEP),通年,"500-3,000万円",ドラフト作成済,_チェックリスト/grant_specific/B6_E_NEDO 研究開発型スタートアップ支援(NEP).md,../drafts_v2/B6_E_NEDO 研究開発型スタートアップ支援(NEP).md,
B6,E,NHK World 国際共同制作プログラム,通年,制作費補助,ドラフト作成済,_チェックリスト/grant_specific/B6_E_NHK World 国際共同制作プログラム.md,../drafts_v2/B6_E_NHK World 国際共同制作プログラム.md,
B6,E,NII/文科省 学位・資格デジタル化標準化,通年,数百万円,ドラフト作成済,_チェックリスト/grant_specific/B6_E_NII_文科省 学位・資格デジタル化標準化.md,../drafts_v2/B6_E_NII_文科省 学位・資格デジタル化標準化.md,
B6,E,SIIF 社会変革推進財団 インパクト投資,通年,投資・ネットワーク,ドラフト作成済,_チェックリスト/grant_specific/B6_E_SIIF 社会変革推進財団 インパクト投資.md,../drafts_v2/B6_E_SIIF 社会変革推進財団 インパクト投資.md,
B6,E,コンベンション開催支援事業（沖縄）,通年（開催前）,"1,000万円",ドラフト作成済,_チェックリスト/grant_specific/B6_E_コンベンション開催支援事業（沖縄）.md,../drafts_v2/B6_E_コンベンション開催支援事業（沖縄）.md,
B6,E,中小機構 ソーシャルビジネス支援資金（融資）,通年,"7,200万円(融資)",ドラフト作成済,_チェックリスト/grant_specific/B6_E_中小機構 ソーシャルビジネス支援資金（融資）.md,../drafts_v2/B6_E_中小機構 ソーシャルビジネス支援資金（融資）.md,
B6,E,事業承継補助金（沖縄県産業振興公社）,通年（年複数回）,数百万円,ドラフト作成済,_チェックリスト/grant_specific/B6_E_事業承継補助金（沖縄県産業振興公社）.md,../drafts_v2/B6_E_事業承継補助金（沖縄県産業振興公社）.md,
B6,E,全国コミュニティ財団協会 各地域財団,通年,地域別100-500万,ドラフト作成済,_チェックリスト/grant_specific/B6_E_全国コミュニティ財団協会 各地域財団.md,../drafts_v2/B6_E_全国コミュニティ財団協会 各地域財団.md,
B6,E,内閣府 BRIDGE（研究開発とSociety5.0橋渡し）,通年,施策により異なる,ドラフト作成済,_チェックリスト/grant_specific/B6_E_内閣府 BRIDGE（研究開発とSociety5.0橋渡し）.md,../drafts_v2/B6_E_内閣府 BRIDGE（研究開発とSociety5.0橋渡し）.md,
B6,E,内閣府 企業版ふるさと納税,通年,税制優遇90%相当,ドラフト作成済,_チェックリスト/grant_specific/B6_E_内閣府 企業版ふるさと納税.md,../drafts_v2/B6_E_内閣府 企業版ふるさと納税.md,
B6,E,内閣府 地域創生リーダー人材育成事業,通年,数百万円,ドラフト作成済,_チェックリスト/grant_specific/B6_E_内閣府 地域創生リーダー人材育成事業.md,../drafts_v2/B6_E_内閣府 地域創生リーダー人材育成事業.md,
B6,E,内閣府 新しい地方経済・生活環境創生交付金(第2世代),通年,数千万-数億円,ドラフト作成済,_チェックリスト/grant_specific/B6_E_内閣府 新しい地方経済・生活環境創生交付金(第2世代).md,../drafts_v2/B6_E_内閣府 新しい地方経済・生活環境創生交付金(第2世代).md,
B6,E,内閣府 規制サンドボックス制度,通年（随時受付）,実証費用の一部,ドラフト作成済,_チェックリスト/grant_specific/B6_E_内閣府 規制サンドボックス制度.md,../drafts_v2/B6_E_内閣府 規制サンドボックス制度.md,
B6,E,厚労省 人材開発支援助成金 人への投資促進,通年,"2,500万円/年",ドラフト作成済,_チェックリスト/grant_specific/B6_E_厚労省 人材開発支援助成金 人への投資促進.md,../drafts_v2/B6_E_厚労省 人材開発支援助成金 人への投資促進.md,
B6,E,厚労省 介護テクノロジー導入支援,通年,補助率3/4,ドラフト作成済,_チェックリスト/grant_specific/B6_E_厚労省 介護テクノロジー導入支援.md,../drafts_v2/B6_E_厚労省 介護テクノロジー導入支援.md,
B6,E,国交省 スマートシティ実装化支援事業,通年,"3,500-5,000万円",ドラフト作成済,_チェックリスト/grant_specific/B6_E_国交省 スマートシティ実装化支援事業.md,../drafts_v2/B6_E_国交省 スマートシティ実装化支援事業.md,
B6,E,国際交流基金 各種助成事業,通年,100-500万円,ドラフト作成済,_チェックリスト/grant_specific/B6_E_国際交流基金 各種助成事業.md,../drafts_v2/B6_E_国際交流基金 各種助成事業.md,
B6,E,外務省 外交・安全保障調査研究事業費補助金,通年,テーマ毎,ドラフト作成済,_チェックリスト/grant_specific/B6_E_外務省 外交・安全保障調査研究事業費補助金.md,../drafts_v2/B6_E_外務省 外交・安全保障調査研究事業費補助金.md,
B6,E,小規模事業者持続化補助金 創業型,通年,200万円(3/4),ドラフト作成済,_チェックリスト/grant_specific/B6_E_小規模事業者持続化補助金 創業型.md,../drafts_v2/B6_E_小規模事業者持続化補助金 創業型.md,
B6,E,復興庁・福島県 地域復興実用化開発,通年,施策毎,ドラフト作成済,_チェックリスト/grant_specific/B6_E_復興庁・福島県 地域復興実用化開発.md,../drafts_v2/B6_E_復興庁・福島県 地域復興実用化開発.md,
B6,E,文化庁 文化芸術デジタル基盤強化,通年,事業規模による,ドラフト作成済,_チェックリスト/grant_specific/B6_E_文化庁 文化芸術デジタル基盤強化.md,../drafts_v2/B6_E_文化庁 文化芸術デジタル基盤強化.md,
B6,E,文化庁 文化資源デジタル化事業,通年,事業規模による,ドラフト作成済,_チェックリスト/grant_specific/B6_E_文化庁 文化資源デジタル化事業.md,../drafts_v2/B6_E_文化庁 文化資源デジタル化事業.md,
B6,E,文科省 大学DX推進事業,通年,数千万-1億円(複数年),ドラフト作成済,_チェックリスト/grant_specific/B6_E_文科省 大学DX推進事業.md,../drafts_v2/B6_E_文科省 大学DX推進事業.md,
B6,E,文科省 私立大学等改革総合支援事業（社会実装推進型）,通年,最大1-3億円,ドラフト作成済,_チェックリスト/grant_specific/B6_E_文科省 私立大学等改革総合支援事業（社会実装推進型）.md,../drafts_v2/B6_E_文科省 私立大学等改革総合支援事業（社会実装推進型）.md,
B6,E,日本生命財団 高齢・地域共生社会助成,通年,研究助成1-2年,ドラフト作成済,_チェックリスト/grant_specific/B6_E_日本生命財団 高齢・地域共生社会助成.md,../drafts_v2/B6_E_日本生命財団 高齢・地域共生社会助成.md,
B6,E,東京都創業助成事業,通年,400万円(3/4),ドラフト作成済,_チェックリスト/grant_specific/B6_E_東京都創業助成事業.md,../drafts_v2/B6_E_東京都創業助成事業.md,
B6,E,横浜市スタートアップ支援補助金,通年,進出・実証費,ドラフト作成済,_チェックリスト/grant_specific/B6_E_横浜市スタートアップ支援補助金.md,../drafts_v2/B6_E_横浜市スタートアップ支援補助金.md,
B6,E,環境省 地域脱炭素推進交付金,通年,複数年度継続,ドラフト作成済,_チェックリスト/grant_specific/B6_E_環境省 地域脱炭素推進交付金.md,../drafts_v2/B6_E_環境省 地域脱炭素推進交付金.md,
B6,E,環境省 環境研究技術開発事業,通年,数千万-数億円,ドラフト作成済,_チェックリスト/grant_specific/B6_E_環境省 環境研究技術開発事業.md,../drafts_v2/B6_E_環境省 環境研究技術開発事業.md,
B6,E,環境省 生物多様性保全推進,通年,事業規模による,ドラフト作成済,_チェックリスト/grant_specific/B6_E_環境省 生物多様性保全推進.md,../drafts_v2/B6_E_環境省 生物多様性保全推進.md,
B6,E,産総研 公募課題（共同研究・春秋）,通年（年2回）,プロジェクト規模,ドラフト作成済,_チェックリスト/grant_specific/B6_E_産総研 公募課題（共同研究・春秋）.md,../drafts_v2/B6_E_産総研 公募課題（共同研究・春秋）.md,
B6,E,神奈川県中小企業生産性向上補助金,通年,300万円(1/2),ドラフト作成済,_チェックリスト/grant_specific/B6_E_神奈川県中小企業生産性向上補助金.md,../drafts_v2/B6_E_神奈川県中小企業生産性向上補助金.md,
B6,E,福岡市スタートアップ海外展開支援,通年,海外展開経費,ドラフト作成済,_チェックリスト/grant_specific/B6_E_福岡市スタートアップ海外展開支援.md,../drafts_v2/B6_E_福岡市スタートアップ海外展開支援.md,
B6,E,経産省 デジタル化・AI導入補助金（標準枠）,通年,450万円,ドラフト作成済,_チェックリスト/grant_specific/B6_E_経産省 デジタル化・AI導入補助金（標準枠）.md,../drafts_v2/B6_E_経産省 デジタル化・AI導入補助金（標準枠）.md,
B6,E,経産省 地域中核企業創出・支援事業,通年,数千万円,ドラフト作成済,_チェックリスト/grant_specific/B6_E_経産省 地域中核企業創出・支援事業.md,../drafts_v2/B6_E_経産省 地域中核企業創出・支援事業.md,
B6,E,"経産省 地域経済循環創造事業（ローカル10,000）",通年（自治体経由）,事業規模による,ドラフト作成済,"_チェックリスト/grant_specific/B6_E_経産省 地域経済循環創造事業（ローカル10,000）.md","../drafts_v2/B6_E_経産省 地域経済循環創造事業（ローカル10,000）.md",
B6,E,総務省 ICTスタートアップリーグ,通年,メンタリング無償,ドラフト作成済,_チェックリスト/grant_specific/B6_E_総務省 ICTスタートアップリーグ.md,../drafts_v2/B6_E_総務省 ICTスタートアップリーグ.md,
B6,E,"総務省 ローカル10,000プロジェクト",通年,規模により,ドラフト作成済,"_チェックリスト/grant_specific/B6_E_総務省 ローカル10,000プロジェクト.md","../drafts_v2/B6_E_総務省 ローカル10,000プロジェクト.md",
B6,E,総務省 ローカル5G関連事業（地域実装支援）,通年,数千万円,ドラフト作成済,_チェックリスト/grant_specific/B6_E_総務省 ローカル5G関連事業（地域実装支援）.md,../drafts_v2/B6_E_総務省 ローカル5G関連事業（地域実装支援）.md,
B6,E,観光庁 インバウンド受入環境整備高度化,通年,"1,000万円(1/2)",ドラフト作成済,_チェックリスト/grant_specific/B6_E_観光庁 インバウンド受入環境整備高度化.md,../drafts_v2/B6_E_観光庁 インバウンド受入環境整備高度化.md,
B6,E,農林水産省 スマート農業（データ・AI領域）,通年（年4回）,"500-5,000万円",ドラフト作成済,_チェックリスト/grant_specific/B6_E_農林水産省 スマート農業（データ・AI領域）.md,../drafts_v2/B6_E_農林水産省 スマート農業（データ・AI領域）.md,
B6,E,農水省 みどりの食料システム戦略推進交付金,通年,"500-3,000万円",ドラフト作成済,_チェックリスト/grant_specific/B6_E_農水省 みどりの食料システム戦略推進交付金.md,../drafts_v2/B6_E_農水省 みどりの食料システム戦略推進交付金.md,
B6,E,関西エネルギー財団 海外研究者招聘助成,通年（開催1ヶ月前）,渡航費・滞在費実額,ドラフト作成済,_チェックリスト/grant_specific/B6_E_関西エネルギー財団 海外研究者招聘助成.md,../drafts_v2/B6_E_関西エネルギー財団 海外研究者招聘助成.md,
B6,E,関西エネルギー財団 研究発表会等開催助成,通年（開催1ヶ月前）,100-300万円,ドラフト作成済,_チェックリスト/grant_specific/B6_E_関西エネルギー財団 研究発表会等開催助成.md,../drafts_v2/B6_E_関西エネルギー財団 研究発表会等開催助成.md,
B6,M,JETRO アジアDX等新規事業創造,通年,要公式確認,ドラフト作成済,_チェックリスト/grant_specific/B6_M_JETRO アジアDX等新規事業創造.md,../drafts_v2/B6_M_JETRO アジアDX等新規事業創造.md,
B6,M,JICA はじめの一歩NGOスタートアップ支援,通年,100万円,ドラフト作成済,_チェックリスト/grant_specific/B6_M_JICA はじめの一歩NGOスタートアップ支援.md,../drafts_v2/B6_M_JICA はじめの一歩NGOスタートアップ支援.md,
B6,M,JSPS データインフラ強化事業（連携大学経由）,通年（公募ごと）,—,ドラフト作成済,_チェックリスト/grant_specific/B6_M_JSPS データインフラ強化事業（連携大学経由）.md,../drafts_v2/B6_M_JSPS データインフラ強化事業（連携大学経由）.md,
B6,M,JSPS 研究協力研究員制度（短期招聘）,通年,数百万円,ドラフト作成済,_チェックリスト/grant_specific/B6_M_JSPS 研究協力研究員制度（短期招聘）.md,../drafts_v2/B6_M_JSPS 研究協力研究員制度（短期招聘）.md,
B6,M,JSPS 課題設定先導事業（連携大学経由）,通年（公募ごと）,—,ドラフト作成済,_チェックリスト/grant_specific/B6_M_JSPS 課題設定先導事業（連携大学経由）.md,../drafts_v2/B6_M_JSPS 課題設定先導事業（連携大学経由）.md,
B6,M,NEDO 研究開発型スタートアップ支援(NEP),通年,"500-3,000万円",ドラフト作成済,_チェックリスト/grant_specific/B6_M_NEDO 研究開発型スタートアップ支援(NEP).md,../drafts_v2/B6_M_NEDO 研究開発型スタートアップ支援(NEP).md,
B6,M,NHK World 国際共同制作プログラム,通年,制作費補助,ドラフト作成済,_チェックリスト/grant_specific/B6_M_NHK World 国際共同制作プログラム.md,../drafts_v2/B6_M_NHK World 国際共同制作プログラム.md,
B6,M,NHK放送技術研究所 共同研究プログラム,通年（プロジェクト別）,数百万-数千万円,ドラフト作成済,_チェックリスト/grant_specific/B6_M_NHK放送技術研究所 共同研究プログラム.md,../drafts_v2/B6_M_NHK放送技術研究所 共同研究プログラム.md,
B6,M,お金をまわそう基金（第8期3回目）,通年（年4回審査）,"1,164万円",ドラフト作成済,_チェックリスト/grant_specific/B6_M_お金をまわそう基金（第8期3回目）.md,../drafts_v2/B6_M_お金をまわそう基金（第8期3回目）.md,
B6,M,こども家庭庁 子育て支援補助金,通年,施策毎,ドラフト作成済,_チェックリスト/grant_specific/B6_M_こども家庭庁 子育て支援補助金.md,../drafts_v2/B6_M_こども家庭庁 子育て支援補助金.md,
B6,M,コンベンション開催支援事業（沖縄）,通年（開催前）,"1,000万円",ドラフト作成済,_チェックリスト/grant_specific/B6_M_コンベンション開催支援事業（沖縄）.md,../drafts_v2/B6_M_コンベンション開催支援事業（沖縄）.md,
B6,M,ベネッセこども基金 重い病気の子の学び支援,通年,要確認,ドラフト作成済,_チェックリスト/grant_specific/B6_M_ベネッセこども基金 重い病気の子の学び支援.md,../drafts_v2/B6_M_ベネッセこども基金 重い病気の子の学び支援.md,
B6,M,中小機構 ソーシャルビジネス支援資金（融資）,通年,"7,200万円(融資)",ドラフト作成済,_チェックリスト/grant_specific/B6_M_中小機構 ソーシャルビジネス支援資金（融資）.md,../drafts_v2/B6_M_中小機構 ソーシャルビジネス支援資金（融資）.md,
B6,M,京都地域創造基金 事業指定助成,通年,プログラム別,ドラフト作成済,_チェックリスト/grant_specific/B6_M_京都地域創造基金 事業指定助成.md,../drafts_v2/B6_M_京都地域創造基金 事業指定助成.md,
B6,M,京都市国際交流協会 国際交流事業支援,通年（随時）,段階設定,ドラフト作成済,_チェックリスト/grant_specific/B6_M_京都市国際交流協会 国際交流事業支援.md,../drafts_v2/B6_M_京都市国際交流協会 国際交流事業支援.md,
B6,M,企業メセナ協議会 助成認定（3月/6月/9月/12月）,通年（年4回審査）,"3,000万円",ドラフト作成済,_チェックリスト/grant_specific/B6_M_企業メセナ協議会 助成認定（3月_6月_9月_12月）.md,../drafts_v2/B6_M_企業メセナ協議会 助成認定（3月_6月_9月_12月）.md,
B6,M,住友生命健康財団 コミュニティスポーツ推進助成,通年,チャレンジ50万・アドバンス200-300万,ドラフト作成済,_チェックリスト/grant_specific/B6_M_住友生命健康財団 コミュニティスポーツ推進助成.md,../drafts_v2/B6_M_住友生命健康財団 コミュニティスポーツ推進助成.md,
B6,M,全国コミュニティ財団協会 各地域財団,通年,地域別100-500万,ドラフト作成済,_チェックリスト/grant_specific/B6_M_全国コミュニティ財団協会 各地域財団.md,../drafts_v2/B6_M_全国コミュニティ財団協会 各地域財団.md,
B6,M,内閣府 BRIDGE（研究開発とSociety5.0橋渡し）,通年,施策により異なる,ドラフト作成済,_チェックリスト/grant_specific/B6_M_内閣府 BRIDGE（研究開発とSociety5.0橋渡し）.md,../drafts_v2/B6_M_内閣府 BRIDGE（研究開発とSociety5.0橋渡し）.md,
B6,M,内閣府 地域創生リーダー人材育成事業,通年,数百万円,ドラフト作成済,_チェックリスト/grant_specific/B6_M_内閣府 地域創生リーダー人材育成事業.md,../drafts_v2/B6_M_内閣府 地域創生リーダー人材育成事業.md,
B6,M,内閣府 新しい地方経済・生活環境創生交付金(第2世代),通年,数千万-数億円,ドラフト作成済,_チェックリスト/grant_specific/B6_M_内閣府 新しい地方経済・生活環境創生交付金(第2世代).md,../drafts_v2/B6_M_内閣府 新しい地方経済・生活環境創生交付金(第2世代).md,
B6,M,内閣府 規制サンドボックス制度,通年（随時受付）,実証費用の一部,ドラフト作成済,_チェックリスト/grant_specific/B6_M_内閣府 規制サンドボックス制度.md,../drafts_v2/B6_M_内閣府 規制サンドボックス制度.md,
B6,M,厚労省 介護テクノロジー導入支援,通年,補助率3/4,ドラフト作成済,_チェックリスト/grant_specific/B6_M_厚労省 介護テクノロジー導入支援.md,../drafts_v2/B6_M_厚労省 介護テクノロジー導入支援.md,
B6,M,国交省 スマートシティ実装化支援事業,通年,"3,500-5,000万円",ドラフト作成済,_チェックリスト/grant_specific/B6_M_国交省 スマートシティ実装化支援事業.md,../drafts_v2/B6_M_国交省 スマートシティ実装化支援事業.md,
B6,M,国際交流基金 各種助成事業,通年,100-500万円,ドラフト作成済,_チェックリスト/grant_specific/B6_M_国際交流基金 各種助成事業.md,../drafts_v2/B6_M_国際交流基金 各種助成事業.md,
B6,M,外務省 外交・安全保障調査研究事業費補助金,通年,テーマ毎,ドラフト作成済,_チェックリスト/grant_specific/B6_M_外務省 外交・安全保障調査研究事業費補助金.md,../drafts_v2/B6_M_外務省 外交・安全保障調査研究事業費補助金.md,
B6,M,外務省 日本NGO連携無償資金協力,通年,数千万-数億円,ドラフト作成済,_チェックリスト/grant_specific/B6_M_外務省 日本NGO連携無償資金協力.md,../drafts_v2/B6_M_外務省 日本NGO連携無償資金協力.md,
B6,M,復興庁・福島県 地域復興実用化開発,通年,施策毎,ドラフト作成済,_チェックリスト/grant_specific/B6_M_復興庁・福島県 地域復興実用化開発.md,../drafts_v2/B6_M_復興庁・福島県 地域復興実用化開発.md,
B6,M,文化庁 文化芸術デジタル基盤強化,通年,事業規模による,ドラフト作成済,_チェックリスト/grant_specific/B6_M_文化庁 文化芸術デジタル基盤強化.md,../drafts_v2/B6_M_文化庁 文化芸術デジタル基盤強化.md,
B6,M,文化庁 文化資源デジタル化事業,通年,事業規模による,ドラフト作成済,_チェックリスト/grant_specific/B6_M_文化庁 文化資源デジタル化事業.md,../drafts_v2/B6_M_文化庁 文化資源デジタル化事業.md,
B6,M,日本生命財団 高齢・地域共生社会助成,通年,研究助成1-2年,ドラフト作成済,_チェックリスト/grant_specific/B6_M_日本生命財団 高齢・地域共生社会助成.md,../drafts_v2/B6_M_日本生命財団 高齢・地域共生社会助成.md,
B6,M,日本社会福祉弘済会 社会福祉助成事業,通年,50万円,ドラフト作成済,_チェックリスト/grant_specific/B6_M_日本社会福祉弘済会 社会福祉助成事業.md,../drafts_v2/B6_M_日本社会福祉弘済会 社会福祉助成事業.md,
B6,M,環境省 地域脱炭素推進交付金,通年,複数年度継続,ドラフト作成済,_チェックリスト/grant_specific/B6_M_環境省 地域脱炭素推進交付金.md,../drafts_v2/B6_M_環境省 地域脱炭素推進交付金.md,
B6,M,環境省 環境研究技術開発事業,通年,数千万-数億円,ドラフト作成済,_チェックリスト/grant_specific/B6_M_環境省 環境研究技術開発事業.md,../drafts_v2/B6_M_環境省 環境研究技術開発事業.md,
B6,M,環境省 生物多様性保全推進,通年,事業規模による,ドラフト作成済,_チェックリスト/grant_specific/B6_M_環境省 生物多様性保全推進.md,../drafts_v2/B6_M_環境省 生物多様性保全推進.md,
B6,M,産総研 公募課題（共同研究・春秋）,通年（年2回）,プロジェクト規模,ドラフト作成済,_チェックリスト/grant_specific/B6_M_産総研 公募課題（共同研究・春秋）.md,../drafts_v2/B6_M_産総研 公募課題（共同研究・春秋）.md,
B6,M,立正佼成会 一食平和基金,通年,総額2.55億円(8分野),ドラフト作成済,_チェックリスト/grant_specific/B6_M_立正佼成会 一食平和基金.md,../drafts_v2/B6_M_立正佼成会 一食平和基金.md,
B6,M,"経産省 地域経済循環創造事業（ローカル10,000）",通年（自治体経由）,事業規模による,ドラフト作成済,"_チェックリスト/grant_specific/B6_M_経産省 地域経済循環創造事業（ローカル10,000）.md","../drafts_v2/B6_M_経産省 地域経済循環創造事業（ローカル10,000）.md",
B6,M,"総務省 ローカル10,000プロジェクト",通年,規模により,ドラフト作成済,"_チェックリスト/grant_specific/B6_M_総務省 ローカル10,000プロジェクト.md","../drafts_v2/B6_M_総務省 ローカル10,000プロジェクト.md",
B6,M,総務省 ローカル5G関連事業（地域実装支援）,通年,数千万円,ドラフト作成済,_チェックリスト/grant_specific/B6_M_総務省 ローカル5G関連事業（地域実装支援）.md,../drafts_v2/B6_M_総務省 ローカル5G関連事業（地域実装支援）.md,
B6,M,総務省 過疎地域持続的発展支援交付金,通年,8.0億円(全国),ドラフト作成済,_チェックリスト/grant_specific/B6_M_総務省 過疎地域持続的発展支援交付金.md,../drafts_v2/B6_M_総務省 過疎地域持続的発展支援交付金.md,
B6,M,観光庁 インバウンド受入環境整備高度化,通年,"1,000万円(1/2)",ドラフト作成済,_チェックリスト/grant_specific/B6_M_観光庁 インバウンド受入環境整備高度化.md,../drafts_v2/B6_M_観光庁 インバウンド受入環境整備高度化.md,
B6,M,農林水産省 スマート農業（データ・AI領域）,通年（年4回）,"500-5,000万円",ドラフト作成済,_チェックリスト/grant_specific/B6_M_農林水産省 スマート農業（データ・AI領域）.md,../drafts_v2/B6_M_農林水産省 スマート農業（データ・AI領域）.md,
B6,M,農林水産省 食に関する教育・情報発信事業,通年,数百万円,ドラフト作成済,_チェックリスト/grant_specific/B6_M_農林水産省 食に関する教育・情報発信事業.md,../drafts_v2/B6_M_農林水産省 食に関する教育・情報発信事業.md,
B6,M,農水省 みどりの食料システム戦略推進交付金,通年,"500-3,000万円",ドラフト作成済,_チェックリスト/grant_specific/B6_M_農水省 みどりの食料システム戦略推進交付金.md,../drafts_v2/B6_M_農水省 みどりの食料システム戦略推進交付金.md,
B6,M,関西エネルギー財団 海外研究者招聘助成,通年（開催1ヶ月前）,渡航費・滞在費実額,ドラフト作成済,_チェックリスト/grant_specific/B6_M_関西エネルギー財団 海外研究者招聘助成.md,../drafts_v2/B6_M_関西エネルギー財団 海外研究者招聘助成.md,
B6,M,関西エネルギー財団 研究発表会等開催助成,通年（開催1ヶ月前）,100-300万円,ドラフト作成済,_チェックリスト/grant_specific/B6_M_関西エネルギー財団 研究発表会等開催助成.md,../drafts_v2/B6_M_関西エネルギー財団 研究発表会等開催助成.md,
B6500,M,関西エネルギー財団 海外研究者招聘助成,通年（開催1ヶ月前）,渡航費・滞在費実額,ドラフト作成済,_チェックリスト/grant_specific/B6500_M_関西エネルギー財団 海外研究者招聘助成.md,../drafts_v2/B6500_M_関西エネルギー財団 海外研究者招聘助成.md,
B6501,E,関西エネルギー財団 海外研究者招聘助成,通年（開催1ヶ月前）,渡航費・滞在費実額,ドラフト作成済,_チェックリスト/grant_specific/B6501_E_関西エネルギー財団 海外研究者招聘助成.md,../drafts_v2/B6501_E_関西エネルギー財団 海外研究者招聘助成.md,
B6502,M,関西エネルギー財団 研究発表会等開催助成,通年（開催1ヶ月前）,100-300万円,ドラフト作成済,_チェックリスト/grant_specific/B6502_M_関西エネルギー財団 研究発表会等開催助成.md,../drafts_v2/B6502_M_関西エネルギー財団 研究発表会等開催助成.md,
B6503,E,関西エネルギー財団 研究発表会等開催助成,通年（開催1ヶ月前）,100-300万円,ドラフト作成済,_チェックリスト/grant_specific/B6503_E_関西エネルギー財団 研究発表会等開催助成.md,../drafts_v2/B6503_E_関西エネルギー財団 研究発表会等開催助成.md,
B6504,M,京都市国際交流協会 国際交流事業支援,通年（随時）,段階設定,ドラフト作成済,_チェックリスト/grant_specific/B6504_M_京都市国際交流協会 国際交流事業支援.md,../drafts_v2/B6504_M_京都市国際交流協会 国際交流事業支援.md,
B6505,E,京都市国際交流協会 国際交流事業支援,通年（随時）,段階設定,ドラフト作成済,_チェックリスト/grant_specific/B6505_E_京都市国際交流協会 国際交流事業支援.md,../drafts_v2/B6505_E_京都市国際交流協会 国際交流事業支援.md,
B6506,M,コンベンション開催支援事業（沖縄）,通年（開催前）,"1,000万円",ドラフト作成済,_チェックリスト/grant_specific/B6506_M_コンベンション開催支援事業（沖縄）.md,../drafts_v2/B6506_M_コンベンション開催支援事業（沖縄）.md,
B6507,E,コンベンション開催支援事業（沖縄）,通年（開催前）,"1,000万円",ドラフト作成済,_チェックリスト/grant_specific/B6507_E_コンベンション開催支援事業（沖縄）.md,../drafts_v2/B6507_E_コンベンション開催支援事業（沖縄）.md,
B6508,E,事業承継補助金（沖縄県産業振興公社）,通年（年複数回）,数百万円,ドラフト作成済,_チェックリスト/grant_specific/B6508_E_事業承継補助金（沖縄県産業振興公社）.md,../drafts_v2/B6508_E_事業承継補助金（沖縄県産業振興公社）.md,
B6530,M,内閣府 規制サンドボックス制度,通年（随時受付）,実証費用の一部,ドラフト作成済,_チェックリスト/grant_specific/B6530_M_内閣府 規制サンドボックス制度.md,../drafts_v2/B6530_M_内閣府 規制サンドボックス制度.md,
B6531,E,内閣府 規制サンドボックス制度,通年（随時受付）,実証費用の一部,ドラフト作成済,_チェックリスト/grant_specific/B6531_E_内閣府 規制サンドボックス制度.md,../drafts_v2/B6531_E_内閣府 規制サンドボックス制度.md,
B6532,M,"経産省 地域経済循環創造事業（ローカル10,000）",通年（自治体経由）,事業規模による,ドラフト作成済,"_チェックリスト/grant_specific/B6532_M_経産省 地域経済循環創造事業（ローカル10,000）.md","../drafts_v2/B6532_M_経産省 地域経済循環創造事業（ローカル10,000）.md",
B6533,E,"経産省 地域経済循環創造事業（ローカル10,000）",通年（自治体経由）,事業規模による,ドラフト作成済,"_チェックリスト/grant_specific/B6533_E_経産省 地域経済循環創造事業（ローカル10,000）.md","../drafts_v2/B6533_E_経産省 地域経済循環創造事業（ローカル10,000）.md",
B6534,M,農林水産省 スマート農業（データ・AI領域）,通年（年4回）,"500-5,000万円",ドラフト作成済,_チェックリスト/grant_specific/B6534_M_農林水産省 スマート農業（データ・AI領域）.md,../drafts_v2/B6534_M_農林水産省 スマート農業（データ・AI領域）.md,
B6535,E,農林水産省 スマート農業（データ・AI領域）,通年（年4回）,"500-5,000万円",ドラフト作成済,_チェックリスト/grant_specific/B6535_E_農林水産省 スマート農業（データ・AI領域）.md,../drafts_v2/B6535_E_農林水産省 スマート農業（データ・AI領域）.md,
B6536,M,NHK放送技術研究所 共同研究プログラム,通年（プロジェクト別）,数百万-数千万円,ドラフト作成済,_チェックリスト/grant_specific/B6536_M_NHK放送技術研究所 共同研究プログラム.md,../drafts_v2/B6536_M_NHK放送技術研究所 共同研究プログラム.md,
B6537,M,企業メセナ協議会 助成認定（3月/6月/9月/12月）,通年（年4回審査）,"3,000万円",ドラフト作成済,_チェックリスト/grant_specific/B6537_M_企業メセナ協議会 助成認定（3月_6月_9月_12月）.md,../drafts_v2/B6537_M_企業メセナ協議会 助成認定（3月_6月_9月_12月）.md,
B6538,M,お金をまわそう基金（第8期3回目）,通年（年4回審査）,"1,164万円",ドラフト作成済,_チェックリスト/grant_specific/B6538_M_お金をまわそう基金（第8期3回目）.md,../drafts_v2/B6538_M_お金をまわそう基金（第8期3回目）.md,
B6539,M,JSPS 課題設定先導事業（連携大学経由）,通年（公募ごと）,—,ドラフト作成済,_チェックリスト/grant_specific/B6539_M_JSPS 課題設定先導事業（連携大学経由）.md,../drafts_v2/B6539_M_JSPS 課題設定先導事業（連携大学経由）.md,
B6560,M,JSPS データインフラ強化事業（連携大学経由）,通年（公募ごと）,—,ドラフト作成済,_チェックリスト/grant_specific/B6560_M_JSPS データインフラ強化事業（連携大学経由）.md,../drafts_v2/B6560_M_JSPS データインフラ強化事業（連携大学経由）.md,
B6561,E,IT導入補助金 2026,通年（年複数回）,"1,500万円",ドラフト作成済,_チェックリスト/grant_specific/B6561_E_IT導入補助金 2026.md,../drafts_v2/B6561_E_IT導入補助金 2026.md,
B6562,M,内閣府 BRIDGE（研究開発とSociety5.0橋渡し）,通年,施策により異なる,ドラフト作成済,_チェックリスト/grant_specific/B6562_M_内閣府 BRIDGE（研究開発とSociety5.0橋渡し）.md,../drafts_v2/B6562_M_内閣府 BRIDGE（研究開発とSociety5.0橋渡し）.md,
B6563,E,内閣府 BRIDGE（研究開発とSociety5.0橋渡し）,通年,施策により異なる,ドラフト作成済,_チェックリスト/grant_specific/B6563_E_内閣府 BRIDGE（研究開発とSociety5.0橋渡し）.md,../drafts_v2/B6563_E_内閣府 BRIDGE（研究開発とSociety5.0橋渡し）.md,
B6564,M,NEDO 研究開発型スタートアップ支援(NEP),通年,"500-3,000万円",ドラフト作成済,_チェックリスト/grant_specific/B6564_M_NEDO 研究開発型スタートアップ支援(NEP).md,../drafts_v2/B6564_M_NEDO 研究開発型スタートアップ支援(NEP).md,
B6565,E,NEDO 研究開発型スタートアップ支援(NEP),通年,"500-3,000万円",ドラフト作成済,_チェックリスト/grant_specific/B6565_E_NEDO 研究開発型スタートアップ支援(NEP).md,../drafts_v2/B6565_E_NEDO 研究開発型スタートアップ支援(NEP).md,
B6566,E,JETRO 中堅・中小企業輸出支援エコシステム,通年,"2,000万円",ドラフト作成済,_チェックリスト/grant_specific/B6566_E_JETRO 中堅・中小企業輸出支援エコシステム.md,../drafts_v2/B6566_E_JETRO 中堅・中小企業輸出支援エコシステム.md,
B6567,M,JETRO アジアDX等新規事業創造,通年,要公式確認,ドラフト作成済,_チェックリスト/grant_specific/B6567_M_JETRO アジアDX等新規事業創造.md,../drafts_v2/B6567_M_JETRO アジアDX等新規事業創造.md,
B6568,E,JETRO アジアDX等新規事業創造,通年,要公式確認,ドラフト作成済,_チェックリスト/grant_specific/B6568_E_JETRO アジアDX等新規事業創造.md,../drafts_v2/B6568_E_JETRO アジアDX等新規事業創造.md,
B6569,M,環境省 地域脱炭素推進交付金,通年,複数年度継続,ドラフト作成済,_チェックリスト/grant_specific/B6569_M_環境省 地域脱炭素推進交付金.md,../drafts_v2/B6569_M_環境省 地域脱炭素推進交付金.md,
B6590,E,環境省 地域脱炭素推進交付金,通年,複数年度継続,ドラフト作成済,_チェックリスト/grant_specific/B6590_E_環境省 地域脱炭素推進交付金.md,../drafts_v2/B6590_E_環境省 地域脱炭素推進交付金.md,
B6591,M,環境省 生物多様性保全推進,通年,事業規模による,ドラフト作成済,_チェックリスト/grant_specific/B6591_M_環境省 生物多様性保全推進.md,../drafts_v2/B6591_M_環境省 生物多様性保全推進.md,
B6592,E,環境省 生物多様性保全推進,通年,事業規模による,ドラフト作成済,_チェックリスト/grant_specific/B6592_E_環境省 生物多様性保全推進.md,../drafts_v2/B6592_E_環境省 生物多様性保全推進.md,
B6593,E,厚労省 介護テクノロジー導入支援,通年,補助率3/4,ドラフト作成済,_チェックリスト/grant_specific/B6593_E_厚労省 介護テクノロジー導入支援.md,../drafts_v2/B6593_E_厚労省 介護テクノロジー導入支援.md,
B6620,M,"総務省 ローカル10,000プロジェクト",通年,規模により,ドラフト作成済,"_チェックリスト/grant_specific/B6620_M_総務省 ローカル10,000プロジェクト.md","../drafts_v2/B6620_M_総務省 ローカル10,000プロジェクト.md",
B6621,E,"総務省 ローカル10,000プロジェクト",通年,規模により,ドラフト作成済,"_チェックリスト/grant_specific/B6621_E_総務省 ローカル10,000プロジェクト.md","../drafts_v2/B6621_E_総務省 ローカル10,000プロジェクト.md",
B6622,M,内閣府 新しい地方経済・生活環境創生交付金(第2世代),通年,数千万-数億円,ドラフト作成済,_チェックリスト/grant_specific/B6622_M_内閣府 新しい地方経済・生活環境創生交付金(第2世代).md,../drafts_v2/B6622_M_内閣府 新しい地方経済・生活環境創生交付金(第2世代).md,
B6623,E,内閣府 新しい地方経済・生活環境創生交付金(第2世代),通年,数千万-数億円,ドラフト作成済,_チェックリスト/grant_specific/B6623_E_内閣府 新しい地方経済・生活環境創生交付金(第2世代).md,../drafts_v2/B6623_E_内閣府 新しい地方経済・生活環境創生交付金(第2世代).md,
B6624,M,こども家庭庁 子育て支援補助金,通年,施策毎,ドラフト作成済,_チェックリスト/grant_specific/B6624_M_こども家庭庁 子育て支援補助金.md,../drafts_v2/B6624_M_こども家庭庁 子育て支援補助金.md,
B6625,M,外務省 外交・安全保障調査研究事業費補助金,通年,テーマ毎,ドラフト作成済,_チェックリスト/grant_specific/B6625_M_外務省 外交・安全保障調査研究事業費補助金.md,../drafts_v2/B6625_M_外務省 外交・安全保障調査研究事業費補助金.md,
B6626,E,外務省 外交・安全保障調査研究事業費補助金,通年,テーマ毎,ドラフト作成済,_チェックリスト/grant_specific/B6626_E_外務省 外交・安全保障調査研究事業費補助金.md,../drafts_v2/B6626_E_外務省 外交・安全保障調査研究事業費補助金.md,
B6627,M,復興庁・福島県 地域復興実用化開発,通年,施策毎,ドラフト作成済,_チェックリスト/grant_specific/B6627_M_復興庁・福島県 地域復興実用化開発.md,../drafts_v2/B6627_M_復興庁・福島県 地域復興実用化開発.md,
B6628,E,復興庁・福島県 地域復興実用化開発,通年,施策毎,ドラフト作成済,_チェックリスト/grant_specific/B6628_E_復興庁・福島県 地域復興実用化開発.md,../drafts_v2/B6628_E_復興庁・福島県 地域復興実用化開発.md,
B6629,M,産総研 公募課題（共同研究・春秋）,通年（年2回）,プロジェクト規模,ドラフト作成済,_チェックリスト/grant_specific/B6629_M_産総研 公募課題（共同研究・春秋）.md,../drafts_v2/B6629_M_産総研 公募課題（共同研究・春秋）.md,
B6650,E,産総研 公募課題（共同研究・春秋）,通年（年2回）,プロジェクト規模,ドラフト作成済,_チェックリスト/grant_specific/B6650_E_産総研 公募課題（共同研究・春秋）.md,../drafts_v2/B6650_E_産総研 公募課題（共同研究・春秋）.md,
B6651,M,日本社会福祉弘済会 社会福祉助成事業,通年,50万円,ドラフト作成済,_チェックリスト/grant_specific/B6651_M_日本社会福祉弘済会 社会福祉助成事業.md,../drafts_v2/B6651_M_日本社会福祉弘済会 社会福祉助成事業.md,
B6652,M,日本生命財団 高齢・地域共生社会助成,通年,研究助成1-2年,ドラフト作成済,_チェックリスト/grant_specific/B6652_M_日本生命財団 高齢・地域共生社会助成.md,../drafts_v2/B6652_M_日本生命財団 高齢・地域共生社会助成.md,
B6653,E,日本生命財団 高齢・地域共生社会助成,通年,研究助成1-2年,ドラフト作成済,_チェックリスト/grant_specific/B6653_E_日本生命財団 高齢・地域共生社会助成.md,../drafts_v2/B6653_E_日本生命財団 高齢・地域共生社会助成.md,
B6654,M,立正佼成会 一食平和基金,通年,総額2.55億円(8分野),ドラフト作成済,_チェックリスト/grant_specific/B6654_M_立正佼成会 一食平和基金.md,../drafts_v2/B6654_M_立正佼成会 一食平和基金.md,
B6655,M,住友生命健康財団 コミュニティスポーツ推進助成,通年,チャレンジ50万・アドバンス200-300万,ドラフト作成済,_チェックリスト/grant_specific/B6655_M_住友生命健康財団 コミュニティスポーツ推進助成.md,../drafts_v2/B6655_M_住友生命健康財団 コミュニティスポーツ推進助成.md,
B6656,M,ベネッセこども基金 重い病気の子の学び支援,通年,要確認,ドラフト作成済,_チェックリスト/grant_specific/B6656_M_ベネッセこども基金 重い病気の子の学び支援.md,../drafts_v2/B6656_M_ベネッセこども基金 重い病気の子の学び支援.md,
B6657,M,京都地域創造基金 事業指定助成,通年,プログラム別,ドラフト作成済,_チェックリスト/grant_specific/B6657_M_京都地域創造基金 事業指定助成.md,../drafts_v2/B6657_M_京都地域創造基金 事業指定助成.md,
B6658,M,全国コミュニティ財団協会 各地域財団,通年,地域別100-500万,ドラフト作成済,_チェックリスト/grant_specific/B6658_M_全国コミュニティ財団協会 各地域財団.md,../drafts_v2/B6658_M_全国コミュニティ財団協会 各地域財団.md,
B6659,E,全国コミュニティ財団協会 各地域財団,通年,地域別100-500万,ドラフト作成済,_チェックリスト/grant_specific/B6659_E_全国コミュニティ財団協会 各地域財団.md,../drafts_v2/B6659_E_全国コミュニティ財団協会 各地域財団.md,
B6680,M,外務省 日本NGO連携無償資金協力,通年,数千万-数億円,ドラフト作成済,_チェックリスト/grant_specific/B6680_M_外務省 日本NGO連携無償資金協力.md,../drafts_v2/B6680_M_外務省 日本NGO連携無償資金協力.md,
B6681,E,東京都創業助成事業,通年,400万円(3/4),ドラフト作成済,_チェックリスト/grant_specific/B6681_E_東京都創業助成事業.md,../drafts_v2/B6681_E_東京都創業助成事業.md,
B6682,E,JST SUCCESS（出資型新事業創出）,通年,出資+メンタリング,ドラフト作成済,_チェックリスト/grant_specific/B6682_E_JST SUCCESS（出資型新事業創出）.md,../drafts_v2/B6682_E_JST SUCCESS（出資型新事業創出）.md,
B6683,E,ETIC. 社会起業塾イニシアティブ,通年,小規模助成+伴走,ドラフト作成済,_チェックリスト/grant_specific/B6683_E_ETIC. 社会起業塾イニシアティブ.md,../drafts_v2/B6683_E_ETIC. 社会起業塾イニシアティブ.md,
B6684,E,J-Startup KANSAI,通年,集中支援4年・露出,ドラフト作成済,_チェックリスト/grant_specific/B6684_E_J-Startup KANSAI.md,../drafts_v2/B6684_E_J-Startup KANSAI.md,
B6685,E,福岡市スタートアップ海外展開支援,通年,海外展開経費,ドラフト作成済,_チェックリスト/grant_specific/B6685_E_福岡市スタートアップ海外展開支援.md,../drafts_v2/B6685_E_福岡市スタートアップ海外展開支援.md,
B6686,E,横浜市スタートアップ支援補助金,通年,進出・実証費,ドラフト作成済,_チェックリスト/grant_specific/B6686_E_横浜市スタートアップ支援補助金.md,../drafts_v2/B6686_E_横浜市スタートアップ支援補助金.md,
B6687,E,神奈川県中小企業生産性向上補助金,通年,300万円(1/2),ドラフト作成済,_チェックリスト/grant_specific/B6687_E_神奈川県中小企業生産性向上補助金.md,../drafts_v2/B6687_E_神奈川県中小企業生産性向上補助金.md,
B6688,E,SIIF 社会変革推進財団 インパクト投資,通年,投資・ネットワーク,ドラフト作成済,_チェックリスト/grant_specific/B6688_E_SIIF 社会変革推進財団 インパクト投資.md,../drafts_v2/B6688_E_SIIF 社会変革推進財団 インパクト投資.md,
B6710,E,JIC 産業革新投資機構,通年,出資・経営支援,ドラフト作成済,_チェックリスト/grant_specific/B6710_E_JIC 産業革新投資機構.md,../drafts_v2/B6710_E_JIC 産業革新投資機構.md,
B6711,E,小規模事業者持続化補助金 創業型,通年,200万円(3/4),ドラフト作成済,_チェックリスト/grant_specific/B6711_E_小規模事業者持続化補助金 創業型.md,../drafts_v2/B6711_E_小規模事業者持続化補助金 創業型.md,
B6712,M,文化庁 文化芸術デジタル基盤強化,通年,事業規模による,ドラフト作成済,_チェックリスト/grant_specific/B6712_M_文化庁 文化芸術デジタル基盤強化.md,../drafts_v2/B6712_M_文化庁 文化芸術デジタル基盤強化.md,
B6713,E,文化庁 文化芸術デジタル基盤強化,通年,事業規模による,ドラフト作成済,_チェックリスト/grant_specific/B6713_E_文化庁 文化芸術デジタル基盤強化.md,../drafts_v2/B6713_E_文化庁 文化芸術デジタル基盤強化.md,
B6714,M,文化庁 文化資源デジタル化事業,通年,事業規模による,ドラフト作成済,_チェックリスト/grant_specific/B6714_M_文化庁 文化資源デジタル化事業.md,../drafts_v2/B6714_M_文化庁 文化資源デジタル化事業.md,
B6715,E,文化庁 文化資源デジタル化事業,通年,事業規模による,ドラフト作成済,_チェックリスト/grant_specific/B6715_E_文化庁 文化資源デジタル化事業.md,../drafts_v2/B6715_E_文化庁 文化資源デジタル化事業.md,
B6716,M,観光庁 インバウンド受入環境整備高度化,通年,"1,000万円(1/2)",ドラフト作成済,_チェックリスト/grant_specific/B6716_M_観光庁 インバウンド受入環境整備高度化.md,../drafts_v2/B6716_M_観光庁 インバウンド受入環境整備高度化.md,
B6717,E,観光庁 インバウンド受入環境整備高度化,通年,"1,000万円(1/2)",ドラフト作成済,_チェックリスト/grant_specific/B6717_E_観光庁 インバウンド受入環境整備高度化.md,../drafts_v2/B6717_E_観光庁 インバウンド受入環境整備高度化.md,
B6718,M,JICA はじめの一歩NGOスタートアップ支援,通年,100万円,ドラフト作成済,_チェックリスト/grant_specific/B6718_M_JICA はじめの一歩NGOスタートアップ支援.md,../drafts_v2/B6718_M_JICA はじめの一歩NGOスタートアップ支援.md,
B6719,M,国際交流基金 各種助成事業,通年,100-500万円,ドラフト作成済,_チェックリスト/grant_specific/B6719_M_国際交流基金 各種助成事業.md,../drafts_v2/B6719_M_国際交流基金 各種助成事業.md,
B6740,E,国際交流基金 各種助成事業,通年,100-500万円,ドラフト作成済,_チェックリスト/grant_specific/B6740_E_国際交流基金 各種助成事業.md,../drafts_v2/B6740_E_国際交流基金 各種助成事業.md,
B6741,M,中小機構 ソーシャルビジネス支援資金（融資）,通年,"7,200万円(融資)",ドラフト作成済,_チェックリスト/grant_specific/B6741_M_中小機構 ソーシャルビジネス支援資金（融資）.md,../drafts_v2/B6741_M_中小機構 ソーシャルビジネス支援資金（融資）.md,
B6742,E,中小機構 ソーシャルビジネス支援資金（融資）,通年,"7,200万円(融資)",ドラフト作成済,_チェックリスト/grant_specific/B6742_E_中小機構 ソーシャルビジネス支援資金（融資）.md,../drafts_v2/B6742_E_中小機構 ソーシャルビジネス支援資金（融資）.md,
B6743,M,農水省 みどりの食料システム戦略推進交付金,通年,"500-3,000万円",ドラフト作成済,_チェックリスト/grant_specific/B6743_M_農水省 みどりの食料システム戦略推進交付金.md,../drafts_v2/B6743_M_農水省 みどりの食料システム戦略推進交付金.md,
B6744,E,農水省 みどりの食料システム戦略推進交付金,通年,"500-3,000万円",ドラフト作成済,_チェックリスト/grant_specific/B6744_E_農水省 みどりの食料システム戦略推進交付金.md,../drafts_v2/B6744_E_農水省 みどりの食料システム戦略推進交付金.md,
B6745,E,経産省 地域中核企業創出・支援事業,通年,数千万円,ドラフト作成済,_チェックリスト/grant_specific/B6745_E_経産省 地域中核企業創出・支援事業.md,../drafts_v2/B6745_E_経産省 地域中核企業創出・支援事業.md,
B6746,E,内閣府 企業版ふるさと納税,通年,税制優遇90%相当,ドラフト作成済,_チェックリスト/grant_specific/B6746_E_内閣府 企業版ふるさと納税.md,../drafts_v2/B6746_E_内閣府 企業版ふるさと納税.md,
B6747,E,経産省 デジタル化・AI導入補助金（標準枠）,通年,450万円,ドラフト作成済,_チェックリスト/grant_specific/B6747_E_経産省 デジタル化・AI導入補助金（標準枠）.md,../drafts_v2/B6747_E_経産省 デジタル化・AI導入補助金（標準枠）.md,
B6748,E,文科省 大学DX推進事業,通年,数千万-1億円(複数年),ドラフト作成済,_チェックリスト/grant_specific/B6748_E_文科省 大学DX推進事業.md,../drafts_v2/B6748_E_文科省 大学DX推進事業.md,
B6749,E,NII/文科省 学位・資格デジタル化標準化,通年,数百万円,ドラフト作成済,_チェックリスト/grant_specific/B6749_E_NII_文科省 学位・資格デジタル化標準化.md,../drafts_v2/B6749_E_NII_文科省 学位・資格デジタル化標準化.md,
B6770,E,JST マッチングプランナープログラム,通年,無料-数百万円,ドラフト作成済,_チェックリスト/grant_specific/B6770_E_JST マッチングプランナープログラム.md,../drafts_v2/B6770_E_JST マッチングプランナープログラム.md,
B6771,E,GTIE GAPファンド（関東圏大学発SU）,通年,"3,000-5,000万円",ドラフト作成済,_チェックリスト/grant_specific/B6771_E_GTIE GAPファンド（関東圏大学発SU）.md,../drafts_v2/B6771_E_GTIE GAPファンド（関東圏大学発SU）.md,
B6772,E,文科省 私立大学等改革総合支援事業（社会実装推進型）,通年,最大1-3億円,ドラフト作成済,_チェックリスト/grant_specific/B6772_E_文科省 私立大学等改革総合支援事業（社会実装推進型）.md,../drafts_v2/B6772_E_文科省 私立大学等改革総合支援事業（社会実装推進型）.md,
B6773,M,環境省 環境研究技術開発事業,通年,数千万-数億円,ドラフト作成済,_チェックリスト/grant_specific/B6773_M_環境省 環境研究技術開発事業.md,../drafts_v2/B6773_M_環境省 環境研究技術開発事業.md,
B6774,E,環境省 環境研究技術開発事業,通年,数千万-数億円,ドラフト作成済,_チェックリスト/grant_specific/B6774_E_環境省 環境研究技術開発事業.md,../drafts_v2/B6774_E_環境省 環境研究技術開発事業.md,
B6775,M,NHK World 国際共同制作プログラム,通年,制作費補助,ドラフト作成済,_チェックリスト/grant_specific/B6775_M_NHK World 国際共同制作プログラム.md,../drafts_v2/B6775_M_NHK World 国際共同制作プログラム.md,
B6776,E,NHK World 国際共同制作プログラム,通年,制作費補助,ドラフト作成済,_チェックリスト/grant_specific/B6776_E_NHK World 国際共同制作プログラム.md,../drafts_v2/B6776_E_NHK World 国際共同制作プログラム.md,
B6777,M,総務省 ローカル5G関連事業（地域実装支援）,通年,数千万円,ドラフト作成済,_チェックリスト/grant_specific/B6777_M_総務省 ローカル5G関連事業（地域実装支援）.md,../drafts_v2/B6777_M_総務省 ローカル5G関連事業（地域実装支援）.md,
B6778,E,総務省 ローカル5G関連事業（地域実装支援）,通年,数千万円,ドラフト作成済,_チェックリスト/grant_specific/B6778_E_総務省 ローカル5G関連事業（地域実装支援）.md,../drafts_v2/B6778_E_総務省 ローカル5G関連事業（地域実装支援）.md,
B6779,M,内閣府 地域創生リーダー人材育成事業,通年,数百万円,ドラフト作成済,_チェックリスト/grant_specific/B6779_M_内閣府 地域創生リーダー人材育成事業.md,../drafts_v2/B6779_M_内閣府 地域創生リーダー人材育成事業.md,
B6800,E,内閣府 地域創生リーダー人材育成事業,通年,数百万円,ドラフト作成済,_チェックリスト/grant_specific/B6800_E_内閣府 地域創生リーダー人材育成事業.md,../drafts_v2/B6800_E_内閣府 地域創生リーダー人材育成事業.md,
B6801,M,JSPS 研究協力研究員制度（短期招聘）,通年,数百万円,ドラフト作成済,_チェックリスト/grant_specific/B6801_M_JSPS 研究協力研究員制度（短期招聘）.md,../drafts_v2/B6801_M_JSPS 研究協力研究員制度（短期招聘）.md,
B6802,M,農林水産省 食に関する教育・情報発信事業,通年,数百万円,ドラフト作成済,_チェックリスト/grant_specific/B6802_M_農林水産省 食に関する教育・情報発信事業.md,../drafts_v2/B6802_M_農林水産省 食に関する教育・情報発信事業.md,
